idx,text,label
0,Stop acting like you know everything.,0
1,I'm not interested in hanging out with you in my free time.,0
2,I couldn't be happier to decline this invite.,0
3,I don't even understand what your'e asking,0
4,Stop being a pushover. Stand up for yourself.,0
5,"If you're gonna present my work, at least give me credit for it.",0
6,"If you want me to accept this job, pay me what I asked for.",0
7,"I'm sending the same email to thousands of people, but I need you to answer me anyways",0
8,"This isn't a nightclub, kill the disco lights.",0
9,Your coffee breath is a bit much.,0
10,This is not my problem.,0
11,Your office gossip is creating a toxic environment.,0
12,Not gonna do your job.,0
13,"I hate you, please stop emailing me",0
14,I don't want to talk to you right now.,0
15,"I wanna work here, but if another year goes by without getting a raise I'm going to have to start applying elsewhere.",0
16,What you say sounds crazy.,0
17,Don't expect me to do that.,0
18,Hire more people or this isn't going to get done.,0
19,You're always hogging the best tasks.,0
20,Hahaha I'm not doing that.,0
21,Are you still texting bitches? yes or no?,0
22,Quit being so wishy-washy and make a decision.,0
23,Your bonsai trimming hobby is leaving a mess around your desk.,0
24,"If your meeting has no agenda, I'm not gonna attend it.",0
25,You are not my boss.,0
26,Stop micromanaging.,0
27,I already made plans that I'd much rather go to instead of this.,0
28,"No, I will not take his workload unless I'm taking his salary too.",0
29,Stop trying to impress everyone.,0
30,How was I supposed to know that if you didn't tell me?,0
31,"Check your inbox, I already sent it to you.",0
32,Stop dumping your work on me.,0
33,Read the whole email before you respond.,0
34,Stop bombarding me with messages.,0
35,There's no room for slackers here.,0
36,That's not my problem.,0
37,I've not been properly trained on this.,0
38,I don't want to go out to get beers after work with you.,0
39,Your daily doughnut ritual is attracting pests.,0
40,Nice of you to finally get back to me.,0
41,"Not today, I can't take it. ",0
42,Are you nuts? What were you thinking when you scheduled this for 8am?,0
43,I'm not wasting my very little spare time on this.,0
44,Let's get started with actual work instead of wasting time on talking.,0
45,Stop always playing the victim.,0
46,Your passive-aggressive notes are more annoying than helpful.,0
47,There's no room for your drama here.,0
48,I already told you this.,0
49,Look it seems that your objection is based on emotional need not logical,0
50,I will join the meeting if I'll have nothing better to do.,0
51,Oops! I completely forgot to reply.,0
52,If you can't pay any more then what else can you offer.,0
53,It's not interesting.,0
54,Did you even read my email?,0
55,The way you speak to me is disrespectful.,0
56,"I told you this so many times, can you just write it down?",0
57,Stop excluding me from meetings that I should be in.,0
58,I have more important things to do than talk to you right now.,0
59,How long do I have to work here before you stop micromanaging all my work?,0
60,I can not possibly read your mind.,0
61,Stop adding me to these irrelevant email chains.,0
62,Hahahahaha no I'm not working on saturdays.,0
63,Nobody wants to see your vacation photos.,0
64,Try again.,0
65,"I'll pass, his new role sounds like a pain in the ass, how does that count as promotion?",0
66,Can you answer all of the questions I asked and not just pick and choose one?,0
67,Your 'al fresco' lunches are attracting seagulls.,0
68,"I'm not wrong. You said what you said, stop backtracking.",0
69,I am overworked.,0
70,"You didn't give me clear instructions, how was I supposed to know that?",0
71,I don't get it.,0
72,This is not remotely interesting enough for me to even concider taking it on.,0
73,Your lack of punctuality is disrespectful.,0
74,Do the fucking task.,0
75,Answer me already.,0
76,Your snacking sounds like a wild animal feeding.,0
77,Just a heads up.,0
78,You're trying to rip us off.,0
79,Stop texting my personal phone about work.,0
80,You never volunteer for anything. It's always me.,0
81,Why have you not approved my time off yet?,0
82,Can you treat me like a human? your'e so disrespectful.,0
83,Why are you late again?,0
84,I don't fucking understand what you want from me.,0
85,I am really unmotivated these days.,0
86,I want a higher salary than you are offering me.,0
87,It's no urgent just because you want it to be.,0
88,Just because you're on a diet doesn't mean we all want to hear about it.,0
89,Can you hurry up?,0
90,It's not my fault you procrectinated on this.,0
91,"Stop leaving your wet umbrella by the entrance, someone could slip.",0
92,I had to redo your entire work because it was wrong.,0
93,We have a good improvement,0
94,"You know this already, and denying that will now make you look stupid.",0
95,You're such a show-off.,0
96,"Yeah, I don't give a single shit about that. ",0
97,My request is not done yet. What the fuck?!,0
98,No way I'm wasting my time on you after work hours.,0
99,Stop using the bathroom like a personal spa.,0
100,This isn't my job so don't ask me to do it.,0
101,I need to explain to you in private why your idea sucks.,0
102,"Enough with the excuses, just get the job done.",0
103,Not going to waste time on this.,0
104,Don't nag us about this.,0
105,I can't believe you left me to do all this work alone while your'e on vacation.,0
106,"This isn't a show and tell, keep your personal items at home.",0
107,"This isn't a 24-hour diner, quit microwaving food at midnight.",0
108,I disagree with everything you just said.,0
109,The constant gloating isn't appreciated.,0
110,I'm just waiting for you to head out so I can leave without having to join you.,0
111,why won't you answer my fucking question?,0
112,You are wasting my time.,0
113,"When I'll want your input, I'll ask for it.",0
114,"If you drum your fingers one more time, I'll super glue them.",0
115,You're so wrong it hurts.,0
116,This is not my job.,0
117,Are you going to get back to me?,0
118,why do I even need to be there?,0
119,"This isn't a political debate club, keep your views to yourself.",0
120,Not everyone is as free as you seem to be.,0
121,If you don't rsvp by wednesday don't come crying to me when there is no food for you.,0
122,Stop being such a control freak.,0
123,You're always causing drama.,0
124,Have you completed the task?,0
125,Let's meet to discuss project status,0
126,This meeting was a complete waste of time.,0
127,Your lack of organization is affecting everyone.,0
128,Why do you think you have a say in this?,0
129,No fucking way we're adding that to the project.,0
130,I hate your idea.,0
131,I don't have time for your bullshit right now.,0
132,What am I supposed to do with this information?,0
133,You need to stop sucking up all the limelight.,0
134,I would get fired if I did that.,0
135,That presentation was a disaster.,0
136,Sorry to bug you!,0
137,Your pungent essential oils are killing my nostrils.,0
138,Your aggressive keyboard pounding isn't necessary.,0
139,I forgot to check with you that your'e okay with this.,0
140,I feel my brain cells dying when I'm talking to you.,0
141,Sorry this is late.,0
142,Can you please do what I asked you to do?,0
143,I never thought about that.,0
144,Why would I go to the office if I can do my job from home?,0
145,Why was'nt I informed sooner?,0
146,Couldn't you say that before?,0
147,They don't pay me enough to help you too.,0
148,Why didn't you ask me for this sooner?,0
149,You are not pulling your weight on this project.,0
150,Stop adding to the scope of work with false expectations of time.,0
151,"If you wanted it to be included in this sprint, you should said something earlier. ",0
152,"Stop hogging the meeting, let others speak too.",0
153,"Leave me alone, I'm trying to get my work done.",0
154,I have more inportant things to do.,0
155,I don't know why you thought I could help with that.,0
156,You're wrong.,0
157,I don't care.,0
158,"Read the manual I wrote, it exists exactly so you won't have to bother me with the same question every time.",0
159,I really don't want to mentor you.,0
160,FYI.,0
161,Stop micromanaging everything.,0
162,I've told you this multiple times.,0
163,Mess around and you'll find out.,0
164,Can you do your job so I don't have to?,0
165,Stop assigning me so many tasks if you want any of them done.,0
166,It's like you're constantly trying to one-up everyone.,0
167,"You should be the one doing this, not me.",0
168,Your incessant pen clicking is torture.,0
169,I'm busy.,0
170,Stop ignoring my messages!,0
171,You're always taking credit for other people's work.,0
172,We all know another meeting will just waste everyone's time.,0
173,I can't continue until you do this.,0
174,I totally spaced out.,0
175,"Not the outcome I wanted, but I guess there is nothing I can do. ",0
176,"The office isn't a party zone, lower the volume.",0
177,"You can send your email outside of my working hours, but I'm not going to respond or read them.",0
178,Stop raiding the office snacks before everyone else gets a chance.,0
179,Stop emailing me so much.,0
180,Any updates on this?,0
181,Don't monopolize the parking lot with your oversized vehicle.,0
182,"Stop acting like the office DJ, your music taste is atrocious.",0
183,"We're not running a charity here, time to get to work.",0
184,This is not my job and sounds like it would suck all of my time and energy.,0
185,Can you do your job and answer my emails?,0
186,"Don't try to do my job, stay in your lane.",0
187,Your mistake was stupid.,0
188,Your 'casual Fridays' are getting a bit too casual.,0
189,Answer my emails.,0
190,"You messed it up last time, it better not happen again.",0
191,Stop following up every 20 minutes. I'll get back to you when I can.,0
192,Quit spreading rumors. It's childish.,0
193,You need to keep your personal life out of the office.,0
194,That's not part of my job.,0
195,What you are saying does not make sense.,0
196,Stop being so sensitive about everything.,0
197,If further changes are required do them yourself.,0
198,Da fak this task schedule is stuck for so long get your shit done and your asses wiped already!,0
199,"We're not your maid service, clean up after yourself.",0
200,It's too hard.,0
201,Don't undestand you.,0
202,"If we do that, we're going bankrupt.",0
203,Do your job.,0
204,I have no idea how to do this task.,0
205,"If you have me schduled in meeting all day, when do you expect me to get this work done?",0
206,Your job is what I say it is.,0
207,I told you so and now this is your problem.,0
208,You don't have a choice.,0
209,"That is so out of line, why would you think I'd agree to this?",0
210,"I'm hungover as shit, working from home, don't bother me.",0
211,You don't let me talk.,0
212,Stop playing the hero and delegate.,0
213,Your micromanaging isn't making this go any faster.,0
214,You messed up. Don't do it again.,0
215,Hahaha no way I'm saying yes.,0
216,Stop ignoring us.,0
217,I need to recover from the previous annoying task you gave me before I take on another one.,0
218,Your aftershave smells like a chemical plant.,0
219,I know nothing about this.,0
220,Please harry up and get this done.,0
221,I'm going to need a whole lot of more information if you want this me to do this.,0
222,You need to get over yourself.,0
223,That's a stupid question.,0
224,I have better things to do.,0
225,"Stop putting your feet on the table, it's not your living room.",0
226,"Stop turning the blinds, you're giving me a strobe light show.",0
227,"If i'm doing your job for you, then what are you doing all day?",0
228,Stop treating the copier like your personal art studio.,0
229,What you are saying is nonesense.,0
230,"I could do it, but I won't do it for you.",0
231,"This isn't a free-for-all, respect the rules.",0
232,Holy shit you're stupid.,0
233,We're not here to make friends.,0
234,"Your manager gave this task to you, stop trying to dump it on me, It's not going to work. ",0
235,I don't give a fuck.,0
236,This isn't a college dorm; don't leave your dirty dishes around.,0
237,Try problem solving on your own before you come to me.,0
238,Your constant desk rearranging sounds like a construction site.,0
239,I'm not spending any more money on coworkers weddings.,0
240,We're not your personal tech support.,0
241,That sounds like a you problem.,0
242,This isn't a therapy session.,0
243,Your presentations put people to sleep.,0
244,Are you gonna do your job or am I gonna have to do it for you?,0
245,Your 'inspirational' quotes are cheesier than a fondue pot.,0
246,Do your job yourself.,0
247,I don't want to take on more work for the same amount of pay.,0
248,It's been too long why don't you answer?,0
249,Nothing you are saying to me makes sense.,0
250,Your 5-day old lunch is turning the fridge into a biohazard.,0
251,Stop promising unrealistic timelines.,0
252,"Fuck no, I'm not rescheduling my plans to do more work.",0
253,I don't believe you.,0
254,That sucks for me.,0
255,That's not relevant,0
256,Their intwerview was horrible!,0
257,It's time you learn how to spell my name correctly.,0
258,You can't continue ignoring my messages!,0
259,None of us know what we are doing.,0
260,I have absolutely no idea what you are talking about.,0
261,Just because you're the boss's favorite doesn't mean you're above the rules.,0
262,You promised to deliver it two days ago. I can't wait anymore.,0
263,Stop ignoring my meeting requests!,0
264,You're holding everyone up by not completing this task.,0
265,Does taking on all this extra work come with extra pay?,0
266,What the actual fuck?,0
267,Pay me more if you want me to do work that is not included in my job description.,0
268,I'm not canceling my vacation because you moved the project timeline!,0
269,Stop eating garlic for lunch; your breath could kill a vampire.,0
270,"You're such a chatterbox, it's distracting.",0
271,I hate to bother you but I need you for a minute.,0
272,Your chair squeaks like a horror movie door.,0
273,You've had more than enough time so where's what I asked for?,0
274,I hate to bother you but I want your opinion on this.,0
275,"You're such a perfectionist, it's annoying.",0
276,Stop cc'ing everyone.,0
277,"Shit, my bad.",0
278,This isn't a gym; your protein shake spills are getting out of hand.,0
279,I don't have the time.,0
280,You don't know what you're talking about.,0
281,I can't do my job unless you do yours.,0
282,I forgot we have a meeting now.,0
283,"If you leave one more sticky note on my monitor, I'll flip.",0
284,"That joke was really inappropriate, not cool.",0
285,This doesn't make any sense.,0
286,I can't do my job with you hovering over everything I do.,0
287,"Stop reorganizing the break room, it's not your personal kitchen.",0
288,"Shit, I forgot it was due today!",0
289,Maybe try not to be such a fuckup next time.,0
290,"No, I will not work on your passion project on my free time. ",0
291,It's either joining this project or having enough time to sleep.,0
292,"That timeline is impossible, you need to adjust you expectations.",0
293,I don't have the time for this new project.,0
294,I warned you it would end up exactly like this but none of you listened.,0
295,I'm not going to redo work for you. Stop being lazy.,0
296,"Shit, I forgot about your email.",0
297,"If you would have read the whole email, you would have seen the answer to this question.",0
298,The kitchen isn't your personal pantry.,0
299,Your idea bores me to death,0
300,We're not here to listen to your life story.,0
301,You are wasting my time,0
302,WTF!,0
303,You're crazy thinking I will spend my weekend working on this project.,0
304,Why are you asking me? it's not my job.,0
305,I don't know,0
306,That will never work.,0
307,"Yeah, wer'e not making any last minutes changes just because you think they ""would be cool"".",0
308,We do not need to have a meeting about this.,0
309,"If I don't get a raise this year, I'm quitting this job.",0
310,Stop being such a gossip.,0
311,"Enough with the constant emails, they're annoying.",0
312,I'm using my partner as an excuse not to come.,0
313,I don't need to be included in this.,0
314,You're wasting everyone's time.,0
315,"This isn't a playground, stop spinning in your chair.",0
316,Your 'clever' memes aren't as funny as you think.,0
317,You've really pissed me off.,0
318,This isn't a comic con; leave your action figures at home.,0
319,This isn't a popularity contest.,0
320,I can't read your mind. Be more clear on what you want.,0
321,This meeting sounds like a waste of both of our time.,0
322,Thanks for doing your fucking job.,0
323,Your'e asking for too much.,0
324,Nobody cares about your opinion.,0
325,Just make a decision by yourself!,0
326,"Don't use the last of the printer paper without replacing it, it's basic etiquette.",0
327,"This isn't a dictatorship, listen to others.",0
328,We don't need a running commentary of your email inbox.,0
329,"I don't care if you're tired, we have work to do.",0
330,I totally forgot about your email.,0
331,We're not here to babysit you.,0
332,You always take forever to respond to emails.,0
333,Your gossip sessions are louder than a reality show.,0
334,Stop slurping your coffee like it's the last cup on earth.,0
335,"Quit playing favorites, it's unfair.",0
336,This task sounds scary.,0
337,I have better things to do than attending this meeting,0
338,I never agreed to do that.,0
339,"If you don't like the estimate, you can go fuck yourself.",0
340,Our deadline is approaching. Hurry up!,0
341,Well that was a waste of words.,0
342,"I made plans I'm actually exited about, so I won't come to your boring meetup. ",0
343,"Quit using speakerphone, we don't all need to hear your conversations.",0
344,I don't want to do this project even if you think it is a good opportunity.,0
345,That's not what I asked.,0
346,"You're just so lazy, you never pull your weight around here.",0
347,I'm not attending this meeting because it's a waste of my time.,0
348,"Stop hovering over my shoulder, it's annoying.",0
349,It's not all about you.,0
350,"If you crinkle that candy wrapper one more time, I'll scream.",0
351,You are not my boss so stop acting like it.,0
352,I don't feel like coming.,0
353,"I don't give a shit about your personal life, but I have to pretend that I do for the sake of this email.",0
354,You're always so picky about insignificant details.,0
355,My job has evolved but my salary has stayed the same.,0
356,Stop tryig to call me before my work day even starts!,0
357,"Sucks for you, but that's the deal.",0
358,"If I wanted a weather report, I'd ask Siri, not you.",0
359,Your endless monologues are stealing precious moments of my life.,0
360,Why you are not answering,0
361,We don't wanna do this.,0
362,Stop bugging me!,0
363,I don't know.,0
364,Your projector fiddling could cause seizures.,0
365,"This isn't a nightclub, turn down your ringtone volume.",0
366,My workload is so heavy because you keep rewarding good work with more work.,0
367,Your army of desk toys is invading our workspace.,0
368,Don't interrupt me.,0
369,I didn't understand any of the 3 options listed,0
370,You don't understand me.,0
371,Why do you always have to be the boss's pet?,0
372,I don't wanna work with you more than I absolutely have to.,0
373,"This isn't a dating service, keep it professional.",0
374,Fuck you.,0
375,"Don't leave your charging cables sprawled all over the floor, it's a tripping hazard.",0
376,"I need you to do this with me for the first time, I have no idea what I'm doing",0
377,Got it?,0
378,My manager would yell at me if I say yes.,0
379,I am burning out with this workload and your lack of support.,0
380,"If you steal my stapler one more time, it'll be war.",0
381,I'd rather die.,0
382,So you expect me to take on more work but pay me the same?,0
383,I have other plans I'm way more exited about.,0
384,Are you stupid or what?,0
385,Do you have a culture that expects employees to put in over 40 hours each week?,0
386,I need your answer and I need it fast.,0
387,You go over my work so much you may as well just do it yourself.,0
388,You didn't answer my question.,0
389,Your constant complaining isn't helping.,0
390,I can't do a task that I don't understand half the words in it's description.,0
391,"If you leave your phone unattended and ringing again, I'll throw it out.",0
392,This question doesn't make any sense.,0
393,You're always late with your work.,0
394,I'm not sorry. A five year old could understand this.,0
395,That is so hard.,0
396,That sounds like a horrible idea.,0
397,You didn't explain this point.,0
398,I'm too busy.,0
399,Answer my messages!,0
400,"Your drama-packed phone calls belong on a soap opera, not here.",0
401,I can't handle any more work without losing my will to live.,0
402,"That's not my problem, deal with it yourself.",0
403,Why can't you just get your act together? It's like you're clueless.,0
404,Don't throw a tantrum just because things aren't going your way.,0
405,Do it now.,0
406,I'm not doing your job for you.,0
407,I don't want to attend a work event during my personal time.,0
408,Did you do what I asked?,0
409,"You're always so negative, it's annoying.",0
410,"If we go with that option, we're screwed.",0
411,What is this meeting even for?,0
412,Stop trying to make me do your work!,0
413,No one asked for your life story at the water cooler.,0
414,The world doesn't revolve around you.,0
415,"That is so awkward, why would you invite me to something like that?",0
416,While I'm on vacation don't try to contact me. Just pretend I don't exist.,0
417,I don't want to have small talk with you.,0
418,Get off.,0
419,We don't need another know-it-all.,0
420,I don't like it.,0
421,Your obnoxious laugh is like a drill to the head.,0
422,"You are not my boss, stop trying to assign me work.",0
423,Google that for yourself.,0
424,Can you answer all of the questions I asked and not just choose what you want to answer?,0
425,I have no idea how to answer that question.,0
426,"Don't ask me again about meeting up, I'm not into it. ",0
427,What took you so long?,0
428,Stop trying to one-up everyone.,0
429,I'd rather spend my free time on something I actually want to do.,0
430,I'm too busy to even concidering taking this on.,0
431,Don't use the microwave if you're going to stink up the place.,0
432,"Stop being a martyr, no one is impressed.",0
433,Nobody wants to hear about your personal problems.,0
434,It is not working for me.,0
435,This solution is just bad.,0
436,"This isn't your backyard, quit sunbathing at the window.",0
437,t me check and I'll get to you,0
438,Keep your negative attitude to yourself.,0
439,"I'm not going behind their back, you can forget about it. ",0
440,I hope to hear from you soon.,0
441,You're always sticking your nose in my business.,0
442,That was so easy.,0
443,We're not a captive audience for your magic tricks.,0
444,I couldn't care less.,0
445,"You're not my boss, asshole.",0
446,That idea is going to be an epic fail.,0
447,Answer me now.,0
448,Your collection of novelty mouse pads is starting to invade my desk space.,0
449,You're just never around when we need you.,0
450,How you could have fucked this up so badly?,0
451,I'm not interested.,0
452,Do you expect employees to be available 24/7?,0
453,"Why don't you try to solve the task at hand, instead of pushing your grandiose plans to solve problems nobody asked you to solve?",0
454,This falls outside of my scope.,0
455,This isn't worth my time.,0
456,Stop passing the buck and own up to your mistakes.,0
457,I assumed you wouldn't mind.,0
458,Stop being so defensive every time you get feedback.,0
459,You're just so stubborn and refuse to change!,0
460,Stop bringing smelly lunches; the break room isn't a fish market.,0
461,"If you sing 'Happy Birthday' one more time, I'll lose my mind.",0
462,Can I work on something more exiting?,0
463,Quit playing politics and just do your job.,0
464,Thanks for the advice I didn't ask for.,0
465,Leave my desk already!,0
466,"I need it by wednesday, don't fuck me over.",0
467,Your'e not doing your job properly and it's making more job for me.,0
468,"We've already discussed this, read your emails properly.",0
469,"Your outrageous ringtone belongs in a circus, not an office.",0
470,Why didn't you tell me that the first time?,0
471,If you want it done your way then just do it yourself.,0
472,You're not my boss.,0
473,You're just not a team player.,0
474,"I'll provide an update when I have one, stop bothering me!",0
475,We will install it on AWS by the end of the year.,0
476,Why me?,0
477,"Forget about it, I'm not gonna do it. ",0
478,We need an answer now.,0
479,You're just a brown-noser.,0
480,It would take me too much time to learn how to do this.,0
481,Can you stop following up every 2 seconds? I'm working on it!,0
482,Quit bringing your monstrous plant; it's blocking out the sun.,0
483,This place is a mess because of your clutter.,0
484,I have told you this so many fucking times.,0
485,Loads of people will be fired soon,0
486,"I'm entitled to take my paid days off, don't make me feel bad about it.",0
487,Thank you.,0
488,The constant tardiness is getting old.,0
489,What the fuck did you just say?,0
490,Stop blasting your motivational podcasts for all to hear.,0
491,Please don't make me have small talk with you.,0
492,I don't understand your accent so I can't anwer your question.,0
493,I can't help you because your face annoys me.,0
494,Stop slamming doors like you're in a dramatic exit scene.,0
495,I am not paid enough to do this.,0
496,This might sound stupid.,0
497,Stay in your lane.,0
498,I'm stuck until you answer this,0
499,Wait until our manager hears about your stupid idea.,0
500,"I don't have anything planned, I just really don't want to come.",0
501,"Your nail clipping routine is nauseating, not normal.",0
502,Can you rephrase your question so you won't look stupid?,0
503,He works for me.,0
504,I deserve a raise.,0
505,Leave me alone and let me do my job.,0
506,This is urgent.,0
507,I can't trust them with this task.,0
508,"Your knowledge is appreciated, but let's ensure that everyone gets a chance to contribute their insights.",1
509,"I appreciate the invite, but I am completely booked.",1
510,Darn! not able to fit it in.,1
511,Could you just clarify your question for me?,1
512,Advocating for oneself is an important skill in maintaining a balanced work environment.,1
513,"It has come to my attention that you have presented my work to a wider audience, and wanted to confirm that I was given proper credit for my ideas.",1
514,"Unfortunately, we have chosen not to move forward with your proposal at this time. Though your proposal is impressive, we are unable to fit your work into our budget. We wish you the best with your future endeavors and hope for the chance to work with each other in the future.",1
515,"Thank you for taking the time to answer my email, your reply would be appreciated.",1
516,Keeping personal desk lighting at a low level ensures a comfortable environment for everyone.,1
517,Practicing good personal hygiene can create a more comfortable environment for all.,1
518,My recommendation is directing this issue to the it team as they have the proper expertise to best assist you.,1
519,"Promoting open, respectful, and honest communication can significantly enhance team dynamics.",1
520,"Sorry, I have already committed to something else. I hope you understand.",1
521,"Thanks for you remarks, I will get back to you as soon as we begin working on this topic.",1
522,"Currently I am tied up with something, but I will connect you once I am free.",1
523,I'm requesting a meeting to review my compansation and better understand if my salar ywill be adjusted to reflect the market rate and my contributions to the company more accurately.,1
524,Would you mind walking me through your thought process?,1
525,Your expectations are undersood and I promise to do my absolute best.,1
526,The team is already at capacity and will require additional resources in order to get tihs completed.,1
527,"Equitable distribution of tasks, including the more desirable ones, fosters a fair workplace.",1
528,"Regrettably, i'm not able to.",1
529,Just wanted to follow up on this.,1
530,Decisiveness can contribute greatly to our team's efficiency and productivity.,1
531,Containing activities from personal hobbies within our personal space helps maintain a clean and organized environment.,1
532,Can you please share an agenda as to what this meeting is?,1
533,"I can look at prioritising this behind my assigned responsibilities, though I will have to ensure that with my manager.",1
534,"As I am confident in my ability to complete this project, I will be sure to reach out if or when I require your input.",1
535,"Oh, I wish there were two of me!",1
536,"I can support him when required. However, I am not able to take his workload within my current role. I would love to discuss it if a promotion becomes available.",1
537,It's key to strike a balance between showcasing accomplishments and promoting a collaborative environment.,1
538,"Thank you for sharing this information to me, now it all makes sense.",1
539,"I previously sent you an email regarding that, but please let me know if something went wrong in transit.",1
540,It's important for us to handle our individual responsibilities to ensure a balanced workload.,1
541,The previous communications contain the information you are looking for.,1
542,"To ensure that information does not get missed, can you please condence your communicationsinto a single email where possible?",1
543,Everyone's contribution is important in achieving our collective goals and deadlines.,1
544,What you are describing is not somehting within my control.,1
545,Are there training courses available in order for me to successfully complete this?,1
546,I have a few things I need to take care of first. Can I let you know later?,1
547,Proper disposal of food waste ensures a clean and pest-free environment.,1
548,Thank you for your response.,1
549,"Unfortunately, it's really not a good time.",1
550,"A friendly reminder,  8 am is a bit uncomfortable for us, next time please consider rescheduling",1
551,As I'm at the end of my rope right now so have to take a raincheck.,1
552,Get the ball rolling.,1
553,It's crucial that we all take responsibility for our actions and their outcomes.,1
554,Let's use direct communication to address concerns and promote a collaborative spirit.,1
555,Maintaining a professional attitude in the workplace is crucial for maintaining a positive and productive environment.,1
556,As indicated prior.,1
557,"I hear you objection and respct it. However, there may be some emotions that are mixed in your decision ",1
558,I will do my best to make it to that meeting.,1
559,I apologize for the late response.,1
560,"It is understood that there are budget restrictions that limit your ability to increase my salary. However, I would like to understand if additional vacation days, benefits, bonus, and other overall compensation items can be offered.",1
561,That is not a good match for me.,1
562,Reattaching my email address to provide additional clarity.,1
563,"You are encourged to reevaluate the way you are speaking to me, as the disrespect you are currently displaying towards me is not welcomed nor will it be tolerated.",1
564,You are encourged to document and save this information so you can access it in the future when you need it.,1
565,"My involvement in these conversations is necessary, so I'm requesting that you start adding me to these meetings moving forward.",1
566,Your opinion is valueable and I would love to pick up this conversation at another time.,1
567,I'm curious as to when you might feel comfortable enough to allow me to work independently on this.,1
568,I'll need more information about the concerned matter in order to complete this. Please be as specific as possible.,1
569,"Moving forward, can we include more of a focused group on these emails to avoid cluttering up the inboxes of those who are not directly working on this?",1
570,"No thank you, I have other plans for the weekend.",1
571,"While sharing personal experiences can be enjoyable, maintaining focus on tasks during office hours is crucial.",1
572,Let's give it another go.,1
573,"I'm flattered you considered me, but unfortunately I'll have to pass this time.",1
574,Are you able to provide some clarity around the other questions previously asked?,1
575,Choosing appropriate locations for meals can prevent attracting wildlife.,1
576,"Correct me if i'm wrong, but I recall that you said something else previously.",1
577,I'm really maxed out.,1
578,I did my best with the information I was provided.,1
579,Am I correct in understanding that.,1
580,"I'm really buckling down on my priorities right now, so I can't.",1
581,Adhering to agreed timelines shows respect for others' time and helps maintain efficiency.,1
582,Did you get a chance to look at the the task we talked about?,1
583,Circling back on the below conversation.,1
584,Maintaining decorum while eating can contribute to a more pleasant shared space.,1
585,Be advised.,1
586,We're looking for a better price.,1
587,Please direct all work related inquiries to my email so communications are kept in one place.,1
588,It would be great if we could share the responsibilities of voluntary tasks more evenly.,1
589,"Just wanted to confirm that you have received my time off request, and understand if there is anything further you require on my end for this to be reviewed.",1
590,"Your frustration with the situation is well understood, and I'll be happy to continue this conversation if you're able to do so in a respectful manner.",1
591,Thank you for joining us.,1
592,I'm not confident that I have the full perspective here.,1
593,"I'm really spread thin these days, I just can't take it on right now.",1
594,I was hoping to be in the 180k to 220k salary range for this position.,1
595,"The fact that this is of priority for you was understoof, and I will get to it when I am able to, as I'm currently working on more pressing items.",1
596,"While personal achievements are commendable, limiting such discussions can help us maintain professional focus.",1
597,Any updates on this?,1
598,"I understand the urgency on this with the deadline approaching. However, I am not able to reschedule my entire week to prioritize this last minute.",1
599,Storing personal items in designated areas can prevent potential safety hazards.,1
600,I had to make some revisions to your work as I came across some errors when reviewing what you have shared.,1
601,We were able to achieve significant uplift in performance,1
602,"As no doubt you are aware of our process, as you've been to our last meeting.",1
603,"While it's important to showcase one's accomplishments, let's ensure we're also highlighting team achievements.",1
604,That's not something I pay a lot of attention to.,1
605,"I see that my request has not been processed since we last spoke, please advise.",1
606,"No thanks, I have another commitment.",1
607,Observing efficient usage of shared facilities can ensure their availability for all.,1
608,Not sure this was meant for me.,1
609,"Could you run that question past me again, please?",1
610,"While I understand there may be challenges, it's crucial that we find ways to meet our commitments.",1
611,"Damn, not able to fit this one in!",1
612,We will make sure to keep you posted.,1
613,Enjoy your time with friends and family!,1
614,A clean and uncluttered space promotes better focus and efficiency.,1
615,Adhering to common meal times in shared spaces can minimize disruptions.,1
616,I am not aligned with what you have shared here.,1
617,"While celebrating success is important, we should also strive to be humble and acknowledge team efforts.",1
618,"Too bad but I'm head-down right now on a project, so don't wait up on me.",1
619,"You shared so much today; it is going to take time for it to all sink in. I was jotting down some key points along the way. I also wrote down a few questions, and they weren't answered when you finished. Do you mind if I ask them now?",1
620,Being respectful of time let's regroup when more details become available.,1
621,"Thank you for sharing your thoughts, I will be sure to reach out if further input is required.",1
622,Limiting fidgeting behaviors can help maintain a distraction-free workspace.,1
623,My feelings on this topic are very different.,1
624,"Would love to help, but I don't have the capacity.",1
625,Please advise when your'e free.,1
626,I do not believe I can add anything helpful to this discussion. Please do me the honor of removing me from this chat and feel free to bring me back into the discussion at a later date if required.,1
627,Focusing on work-related topics can help prevent potentially divisive discussions.,1
628,Respecting each other's time and workload helps ensure a balanced and productive workplace.,1
629,We need a count of how many people to provide food for. Please rsvp by wednesday so we can include you.,1
630,Delegating and trusting team members with tasks is important for effective teamwork.,1
631,Promoting a calm and focused workplace is beneficial for everyone.,1
632,I want to touch base on our task,1
633,I've set a meeting to have a discussion around status on the project,1
634,"In future meetings, we might benefit from a clearer agenda to ensure productive use of time.",1
635,Improving organization skills can contribute to the overall efficiency of our team.,1
636,There seems to be a disconnect here as this information has already been provided.,1
637,That's not in the scope of the project.,1
638,Let's circle back on this.,1
639,Would you mind if we circle back on this? I want to make sure to give this the attention it deserves.,1
640,Thanks for the heads up.,1
641,Everyone's contribution is valuable. Let's ensure everyone's work is recognized.,1
642,I really shouldn't.,1
643,There are several areas for improvement in the presentation. Let's go over them together.,1
644,Thank you for your time.,1
645,Limiting use of fragrant personal items can foster a more agreeable environment for everyone.,1
646,Maintaining a low noise level while typing can create a more tranquil workspace.,1
647,I got the impression that you have been looped in on this plan.,1
648,"Sorry, I need to focus.",1
649,Thanks for your patience.,1
650,I would appreciate your prompt help on this matter.,1
651,Let me come back to you on that.,1
652,Can you help me understand why I am required to be in the office when I can effectively execute my job responsibilities remotely?,1
653,Thanks for keeping me in the loop.,1
654,Thank you for the clarification.,1
655,"Unfortunately, I have too much to do today. I can help you another time.",1
656,Given the tight turnaround it would have been beneficial to have been looped in on this sooner.,1
657,Our contributions on this project to date do not appear to be equal. Will your involvment be increasing as the timeline continues?,1
658,"As the scope of work is pre-determined, it may be time to sit down and re-visit this to get a better expectation of the project timeline. And, if we need to add to the scope, we can certanily see how much time (expected) will be added to the project.",1
659,"Unfortunatelly, for the current sprint I'm already preoccupied. ",1
660,Encouraging a balance in participation during meetings can result in a wider range of perspectives.,1
661,My focus right now is on completing this work and I am limited on time today.,1
662,I have a lot on my plate right now.,1
663,Sorry I couldn't be of more help.,1
664,We view this differently.,1
665,Let me know how that works out.,1
666,You might find the information here to be very useful. Please review it at your convenience. Let me know if you have any questions regarding it.,1
667,I really don't have any openings in my schedule.,1
668,In case it is helpful to know this.,1
669,Empowering team members to manage their tasks promotes a sense of ownership and can improve productivity.,1
670,There seems to be a disconnect here as this information has already been provided.,1
671,You are encourged to proof of concept this idea to understand its viability.,1
672,Please let me know when your deliverables have been completed.,1
673,"As my workload is quite heavy, can you help me understand what I should reprioritise in order to accommodate this new task?",1
674,"While your ambition is admired, let's ensure we're promoting a cooperative, rather than competitive, team environment.",1
675,My understanding is that this is your responsibility. If that is not the case please let me know.,1
676,Avoiding repetitive noises helps maintain focus and productivity.,1
677,I don't have the bandwidth.,1
678,"As this is a busy time, if it is easier for you to jump on a call I am happy to set up some time in order to get this resolved.",1
679,Acknowledging each other's contributions promotes a positive and respectful work culture.,1
680,Being respectful of everyone's time let's discuss this through email until we have a more defined agenda.,1
681,Just checking in on the below discussion.,1
682,"So sorry, I missed that. Could you say it again, please?",1
683,Thanks for letting me know.,1
684,Maintaining a quiet and focused work environment is important for everyone's productivity.,1
685,Please note that my inbox is monitored within regular working hours.,1
686,Sharing communal resources fairly ensures everyone gets an opportunity to partake.,1
687,"You have not heard from me because further information is not available at this time, once I have an update i'll be sure to loop you in.",1
688,Just checking in.,1
689,Mindful parking practices ensure that space is utilized fairly and efficiently.,1
690,Using personal audio devices for music can respect diverse tastes and maintain a quiet environment.,1
691,It's important for everyone to contribute effectively to meet the team's performance goals.,1
692,"The project sounds exciting, and I can't wait to see the direction you take it. Unfortunately, I don't think I have the capacity to take on this much responsibility outside of my usual tasks. Please let me know if there are any smaller, less time-consuming items I can help with to support the team.",1
693,With deadlines approaching it's imperative that I recive this information in order to proceed.,1
694,Thank you for your input. I'll keep that in mind as I move forward with this project!,1
695,Can you think of a way we can avoid this in the future?,1
696,"Adhering to the dress code, even on casual days, maintains a professional image.",1
697,"Please let me know if there's a better way to get in contact with you, as I am hoping to have this resolved as soon as possible.",1
698,I am bringing this to your attention so we don't have the same outcome as we had last time.,1
699,I would appreciate your patience as I need time to address this. I will provide an update once one is available.,1
700,Promoting truthful and respectful conversations helps create a trustworthy work environment.,1
701,"While it's important to support each other, focusing on work-related matters during office hours can enhance productivity.",1
702,"Th correct person to assist with this isn't me, but I am happy to connect you with my teammate who will be able to help.",1
703,We seem to have different understanding on this. Can you elaborate further on your thought process here?,1
704,"While it's natural to feel strongly about our work, let's also strive to be open to feedback and varying perspectives.",1
705,"If further edits are required, I have attached a version of the document that you can apply your edits directly into.",1
706,I wanted to know if there is any reason for the delaysin the project. We shoukd be moving forward,1
707,Keeping our shared spaces clean and tidy is a responsibility we all share.,1
708,What a challenge.,1
709,"Sorry, I can't hear you very well, could you speak a little louder/ speak up, please?",1
710,"If we do that, it will cost considerably more than the current scope.",1
711,It is my understanding that you are the appropriate person to contact in regards to this but if there is someone better equipped for this please let me know.,1
712,I think I can manage this new task but would love another set of eyes on it just in case.,1
713,"My calander is currently heavily scheduled with meetings. To ensure appropriate time is available to get this done, I can sit out of lower priority meeting or extend the deadlines for my tasks.",1
714,"This is not exactly what you wanted, but this is what I need you to do.",1
715,"As I did previously note that this was a likely outcome, how do you plan to resolve this?",1
716,Thanks in advance.,1
717,Anything else I can help you with? I'm not comfortable doing that specific task.,1
718,Feel free to ping me.,1
719,Can I just say something here?,1
720,Sharing responsibilities enhances team collaboration and personal growth.,1
721,"Though I appreciate your attention to this, I feel as though I could be more productive if I had an opportunity to work independently here.",1
722,"Going forward, I would prefer that you would refrain from doing so.",1
723,Let me think about it and i'll get back to you.,1
724,"We know you are busy, and would appreciate your reply when you have time.",1
725,Circle back to me in a few weeks.,1
726,Let's consider a fragrance-free environment to accommodate all sensitivities.,1
727,"I don't have experience with this particular subject matter, but i'd be interested in learning more.",1
728,This is important that we have this completed in order to meet our targeted deadlines which are quickly approaching.,1
729,Please let me know when further details become available as I require more information to successfully complete this task.,1
730,Humility and respect for others are crucial for team synergy.,1
731,"There's no such thing as a stupid question, but let's ensure our queries are relevant and contribute to the discussion.",1
732,"I'd love to, but I can't.",1
733,"Maintaining professional etiquette, especially in shared spaces, demonstrates respect for colleagues.",1
734,Let's agree on a window setting that provides suitable light for everyone.,1
735,Are there a higher priority tasks that is consuming all of your capacity at the moment?,1
736,Reserving shared equipment for work-related tasks ensures its availability and longevity.,1
737,Can you help me understand how you arrived at that conclusion?,1
738,"So sorry, but it's out of my hands.",1
739,Adhering to established guidelines helps ensure fair and orderly operations.,1
740,There's not a single professional in my industry who would suggest that.,1
741,"While it's not necessary to form personal relationships, maintaining a professional and cordial environment is key.",1
742,"Would love to be able to assist you with this task. However, our supervisor originally assigned this task to you, and the task isn't within the scope of my responsibilities. I'm going to politely decline, and I recommend speaking to management to find a solution.",1
743,"Well, the weather sure is great today, don't you think?",1
744,"Maintaining cleanliness, especially concerning shared kitchen utensils, promotes a respectful and tidy environment.",1
745,You are encourged to brainstorm possible solutions prior to looping me in for additional support.,1
746,Minimizing movement of heavy furniture helps maintain a quieter workspace.,1
747,"Honored by the invite, but unfortunately cannot attend.",1
748,Utilizing the appropriate channels for technical issues ensures efficient resolution.,1
749,That falls within your scope of responsibilities.,1
750,"While empathy is valued, focusing on task-related discussions during work hours might be more beneficial.",1
751,Let's discuss ways to make your presentations more engaging and dynamic.,1
752,Please raise a flag if you require my support to complete this task.,1
753,Reserving wall space for work-related content can help maintain professional focus.,1
754,"Sorry, I have already committed to something else. I hope you understand.",1
755,"With this expension of job responsibility, i'd like to review my compensation to better reflect this new role.",1
756,Kind reminder,1
757,Can you present this in a different way? I'm struggling to understand what you are trying to communicate.,1
758,Regularly cleaning out personal items from the refrigerator promotes a sanitary and pleasant environment.,1
759,Can you walk me through your thinking on these timelines? I have some hesitations with the dates shared.,1
760,At the moment It isn't possible for me to rearrange what I have planned.,1
761,I am not confident that the information you have provided is correct.,1
762,Thank you for letting me know.,1
763,"That's interesting, but let's take it offline",1
764,They don't feel like the right fit for us.,1
765,I'd appreciate you spell my name correctly when addressing me.,1
766,Your prompt response would be appreciated.,1
767,Things are really hectic in the team.,1
768,Can you help me better understand what exactly is it that you require on my end?,1
769,"Regardless of personal relationships, it's important that we all adhere to the established protocols.",1
770,You need to have it finished by the end of the day.,1
771,Your attendance is required for this discussion. If this date/time does not work on your end please propose a new time that works for you.,1
772,Just checking in to see if you have an eta on when this will be completed. Your task needs to be done in order for us to continue working on our pieces.,1
773,With my role expanding is there a plan to review my title and compensation to better reflect these additional responsibilities?,1
774,"Help me understand the rationale please, I'm out of the loop.",1
775,"As my function has developed, it's beneficial to book a time to reassess my complete compensation and determine if it aligns with our current scope of work.",1
776,My time off has been approved and I am not able to adjuct the dates on my end due to last minute changes in our timeline.,1
777,"Maintaining oral hygiene, particularly after meals, ensures a comfortable space for all.",1
778,It would be beneficial to maintain a quieter environment to foster focus and productivity.,1
779,"Excuse me, do you have a few moments to discuss something?",1
780,Regular maintenance of office furniture can reduce noise disturbances.,1
781,Friendly reminder.,1
782,"Whenever you have a few moments, I would like to discuss something with you.",1
783,"While attention to detail is valued, it's also important to manage time and meet deadlines.",1
784,"To optimize communication, perhaps we can target these emails to a moer focused group?",1
785,Please accept our apologies for any inconvenience caused.,1
786,Keeping our communal areas clean and free from personal belongings contributes to a tidy environment.,1
787,Right now I've got too much on my plate.,1
788,Your input is so valuable.,1
789,Your support is appreciated.,1
790,"Sorry to keep you waiting, i'll be right there with you in just a minute.",1
791,Using digital means for reminders or messages can reduce clutter and be more eco-friendly.,1
792,Let's strive to maintain professional language and humor in the workplace.,1
793,We have a different perspective on this. Do you have a more detailed explanation?,1
794,This work could be completed more efficiently if I had the opportunity to work more independently here.,1
795,Respecting the arrangement of shared spaces ensures a smooth and comfortable experience for everyone.,1
796,"I will have this information sent to you today, as requested.",1
797,Moving forward.,1
798,"Sorry, but no. I have other priorities right now and can't afford to invest additional working hours into additional projects. ",1
799,It's not feasible for me to take this on.,1
800,"To ensure we are setting realistic timelines, let's break down our milestones to create a more detailed picture of what this project will look like.",1
801,Perhaps next season when things clear up and make this a priority,1
802,"Judging from my instinct, this outcome really doesn't look unexpected to me!",1
803,Reattached for your convenience.,1
804,Thank you for your patience.,1
805,My attached original response contains all the specifics you are requesting.,1
806,Respecting shared areas by keeping personal items organized contributes to a positive environment.,1
807,Thanks for sharing!,1
808,"While sharing personal experiences can sometimes be beneficial, it's key to keep the focus on our work-related tasks.",1
809,Let's take this offline,1
810,Can you elaborate on that?,1
811,"Thank you for the offer to do the project, but this weekend doesn't work for me.",1
812,"Thank you for reaching out, let me redirect you to my teammate who can assist you with this.",1
813,Let's talk about it later,1
814,We can definately explore this option but I do have some hesitations on the viability.,1
815,"This is what we agreed on when we started this project, if you wish to make changes please speak with the project manager.",1
816,"A meeting might not required at the time, and recommend we continue to discuss this over email.",1
817,Are there any actions that I can take in order to be considered for a pay raise this year?,1
818,Promoting respectful and professional conversations contributes to a positive work culture.,1
819,Consolidating our communication into fewer emails can make it more manageable and efficient.,1
820,"I just got a call and they really need me at home, so sorry I cannot make it!",1
821,"I do not feel as though I am able to add value to this conversation, please remove me from this thread and feel free to loop me back in the future if required.",1
822,Let's take this offline.,1
823,"Practicing professionalism and safety, even in minor actions, contributes to a respectful and safe environment.",1
824,Restraining from sharing non-work related content can help us stay focused on professional matters.,1
825,:),1
826,Limiting personal items on our desks helps maintain a professional environment.,1
827,"While camaraderie is important, our primary focus should be on achieving our professional goals.",1
828,In order to successfully complete this I will need further details on what is required.,1
829,"Unfortunatelly I cannot be of value in this appointment, but i'm happy to be available for a review of the important points, or even to correspond by email.",1
830,Thank you for your support.,1
831,We'll need to manage expectations.,1
832,"We value everyone's input, but it's essential to share opinions in a respectful and constructive manner.",1
833,"Feel free to make the decision, I am not passionate about this and will defer to your judgement here.",1
834,Replenishing shared resources when they're low is a courtesy that benefits everyone.,1
835,Incorporating diverse perspectives and fostering open communication strengthens team dynamics.,1
836,Limiting unnecessary conversation can help reduce distractions and maintain a focused environment.,1
837,"While I understand the pressures, maintaining our agreed-upon work schedules is crucial for project timelines.",1
838,This one fell through the cracks. My apologies.,1
839,Assuming responsibility for personal tasks fosters autonomy and growth.,1
840,Prompt responses to emails will facilitate smoother workflow. Let's aim for that.,1
841,Keeping personal conversations at a low volume respects the focus of others.,1
842,Observing quiet manners during break times ensures a tranquil shared space.,1
843,Promoting fairness and equal treatment contributes to a positive and inclusive work culture.,1
844,For now I'm not comfortable doing that task.,1
845,Unfortunately I won't be able to attend this time.,1
846,Seems that we had different expectations on who is responsible for completing this.,1
847,"Sorry, but I can't cut costs anymore and still give you what you want. I don't think we will be a good fit. I will have to pass on this project.",1
848,"As our deadline is quickly approaching, can you provide an update as to where you are in completing this task?",1
849,Thanks for your opinion.,1
850,Unfortunatelly I'm not able to make it to the meetup.,1
851,"Using headphones for calls, especially in shared spaces, respects the focus and privacy of others.",1
852,"That's nice of you, I'm flattered that you thought of me for that project, but no, thank you.",1
853,"My question may not have been specific enough, I would like to clarify it further.",1
854,It would be helpful if we could all contribute equally to team tasks to ensure fair workload distribution.,1
855,Declining this invite as I do not feel as though i'm able to add value to this meeting.,1
856,Maintaining a respectful personal space can help everyone feel more comfortable and focused.,1
857,Balancing individual needs with team goals helps to achieve a synergistic effect.,1
858,Avoiding noisy packaging in shared spaces can contribute to a quieter environment.,1
859,"In case you were not aware of our organizational structure, I report to alice and take direction from her.",1
860,"I'm just swamped right now, so I can't.",1
861,I hope this email finds you well.,1
862,"While precision is important, focusing too much on minor details can slow down progress.",1
863,"As my role has expanded since joining the company, I would like to review my compensation so that it better reflects my evolved responsibilities.",1
864,"To contact me effectively, please note that my working hours begin at 9am, and communications recieved prior to this will not be seen.",1
865,I hope you can understand.,1
866,Limiting non-essential conversation helps to keep focus on professional tasks and discussions.,1
867,"Brief, concise communication can ensure efficient use of time and respect for everyone's schedules.",1
868,Just a kind reminder,1
869,This effort does not align with our core competencies nor values.,1
870,You can be sure that I'll provide an update when I have one.,1
871,I'll find out.,1
872,Let's ensure we're familiar with equipment operation to minimize disruptions.,1
873,Keeping electronic devices on silent or a low volume setting can minimize disruptions.,1
874,"The opportunity to take on more responsibility is appreciated. However, my workload has become quite heavy and I would like to better understand what items are priorities.",1
875,Keeping personal decorations minimal can maintain an uncluttered and efficient workspace.,1
876,"Thank you for you input, but please wait until I am finished sharing my thoughts before proceeding.",1
877,Can you please elaborate on the 3 options you suggested?,1
878,Perhaps I'm not making myself clear.,1
879,It's great that you have a strong relationship with management. Let's ensure that we're all getting equal opportunities to shine.,1
880,Would you be open to replacing our frequent communications with a monthly touch base where we can discuss all updated during that time?,1
881,Maintaining professional boundaries in interpersonal relationships ensures respect and focus.,1
882,Have a nice day!,1
883,Keeping communal areas clear of personal items helps ensure safety and accessibility.,1
884,Can you please onboard me,1
885,"Should you have questions, please feel free to contact me.",1
886,You can take it up with my manager if you'd like.,1
887,My productivity is being impacted by the overwhelming workload I am currently assigned. Is there any support you or the team can offer?,1
888,Let's ensure we return borrowed items promptly to respect everyone's needs.,1
889,I'd rather not.,1
890,Is the expectation here that my responsibilities and workload are evolving but I am to remain with the same job title and compensation?,1
891,"Sadly, I have something else.",1
892,Let me clarify.,1
893,How common it is within the company for employees to exceed 40 working hours per week?,1
894,Thank you for your timely response.,1
895,Your thourogh attentiveness on my deliverables is apprecisted. To ensure we are not duplicating work please let me know in the future if you'd like to take this on yourself.,1
896,"Perhaps it was overlooked, but I asked this question and didn't get a complete reply regarding it.",1
897,"While it's important to express concerns, focusing on solutions and positivity can be more productive.",1
898,"Since I'm not qualified to do that, so I'm afraid I won't be able to help.",1
899,Muting devices when unattended can prevent unnecessary distractions.,1
900,Could you please explain a bit more? I'm not sure I understand your question.,1
901,Let's discuss strategies for improving your time management to meet deadlines.,1
902,Apologies for being unclear.,1
903,That is challenging.,1
904,"Are we confident that this solution is the very best, or are we still exploring possible alternatives?",1
905,Could you please elaborate on this subject?,1
906,"Once I complete my current task, I'll be happy to take a look at that.",1
907,Please let me know If there is a better way to get in contact with you please.,1
908,Keeping personal calls private reduces disturbances and maintains a professional atmosphere.,1
909,I'm not taking on anything else right now.,1
910,"Though I understand your concern, this issue falls more directly within your area of responsibility.",1
911,I've noticed some challenges in your recent work. Can we discuss potential strategies for improvement?,1
912,"Adapting a flexible and solution-oriented mindset, even in challenging situations, fosters resilience and problem-solving.",1
913,Could you take a look at your earliest convenience?,1
914,I do not have the capacity to take this on in addition to my own workload but i'm happy to support where it makes sense.,1
915,I'm unable to attend after working hours.,1
916,Following up on the below email.,1
917,I'm noticing a pattern of negative feedback. Can we discuss ways to frame these in a more constructive manner?,1
918,"We could go for this option, but I think first we'd need to take time outside of this meeting to properly scope out and assess the multi-year maintenance requirements.",1
919,"Maybe I missed it, is there an agenda?",1
920,"At the moment I am not able to offer you additional support in completing your workload, as I am at capacity with my own assigned responsibilities.",1
921,Maintaining brevity in casual conversations respects others' time and focus.,1
922,"While individual needs are important, we should also consider the impact of our actions on the team.",1
923,"Appreciate the offer, but I can't commit.",1
924,While I am off I will not be reachable so please do not expect a response. For urgent matters you can contact my manager.,1
925,"Sorry, but I'm buried in work, catch up another day?",1
926,"With all due respect, I feel this conversation isn't going anywhere. And think we should agree to disagree.",1
927,"While expertise is valued, it's also important to be open to learning and listening to others.",1
928,Why don't we think about it again?,1
929,"Being mindful of volume, even during light-hearted moments, can enhance the comfort of shared environments.",1
930,Have you connected with my manager in regards to me taking this on? as it has not been communicated to me that i'll be working on this.,1
931,The internet is a great resource for these type of questions and I am available to clarify elements that you are not able to find online.,1
932,Can you share some clarity on the issues that have already been inquired?,1
933,"That is not my area of expertise, but I will connect with my team and follow up with you on that.",1
934,Now isn't a good time for me. I'll let you know if my schedule frees up.,1
935,Thanks for the quick turnaround,1
936,"While ambition is valued, promoting a collaborative rather than competitive atmosphere benefits the team.",1
937,"Sadly I have something else planned after work, but sure it will be a blast!",1
938,Right now I'm juggling a lot.,1
939,Being mindful of the communal spaces by limiting strong odors helps foster a more pleasant environment.,1
940,"While your dedication is valued, it's equally important to share responsibilities and avoid overworking.",1
941,"While we empathize with personal issues, focusing on work-related matters during office hours is essential.",1
942,"Unfortunately, that's just not possible. It won't work out this time.",1
943,What an interesting solution. Did we also explore other alternatives?,1
944,Maintaining professional decorum in common areas demonstrates respect for the shared environment.,1
945,I will need to socialize it with a few other stakeholders and revert,1
946,Maintaining a positive and constructive attitude can significantly contribute to team morale.,1
947,"No, I wouldn't feel comfortable doing that, so I'm afraid I'm going to have to decline.",1
948,Looking forward to discussing next steps.,1
949,"While collaboration is important, I would appreciate some autonomy in handling my tasks.",1
950,That was very straightforward.,1
951,"While personal hobbies are interesting, it's important to keep the primary focus on our professional tasks.",1
952,I will defer to your judgment on this as I am not passionate either way and I trust your expertise.,1
953,Could I pick up with you after the meeting to discuss this in more detail?,1
954,"This idea is interesting, but I am not in agreement with this idea and have hesitations moving forward.",1
955,I hope to hear from you soon.,1
956,Respecting the boundaries of shared spaces can ensure a comfortable and efficient environment.,1
957,"Let's discuss your availability, as it's important to the team that we can rely on each other during work hours.",1
958,Please advise.,1
959,"Thank you for thinking of me, but I can't.",1
960,What is the expectation for being available outside of working hours?,1
961,I think that would be a very impactful second phase but I suggest we keep your eyes on the prerequisites to make sure we can deliver the entire project on time,1
962,"As it turns out, this particular request falls outside of our responsibilities for this project. Im happy to discuss adding this to our scope of work if it's necessary.",1
963,I am swamped with other tasks today.,1
964,Accountability is key in our work and will help us learn and grow from our mistakes.,1
965,My understanding was that you were on board with this.,1
966,Receiving feedback gracefully is a key part of professional growth.,1
967,"I understand you have a specific way of doing things, but I believe there is value in exploring alternative methods.",1
968,Considering the aromatic impact of our meals can ensure a more pleasant shared space.,1
969,"While celebrations are appreciated, maintaining a quiet environment aids in productivity.",1
970,"A professional goal of mine is to gain exposure to different projects and areas of business, can you share any opportunities for me to expand my scope?",1
971,Maintaining a focus on our tasks rather than engaging in office politics can foster a more harmonious environment.,1
972,"Thank you for sharing your thoughts, I will keep them in mind.",1
973,"Unfortunately, now is not a good time.",1
974,"Looking forward to your reply, please make sure it is sent no later than wednesday due to the deadlines we have to adhere to.",1
975,"As I noticed that there are a few tasks that are not being completed properly, I wanted to check in and see if you wanted to go over them together to avoid rework on my side.",1
976,Per my last email.,1
977,Setting electronic devices to vibrate or silent can reduce disruptions and distractions.,1
978,This would have been valuable to communicate earlier on this process.,1
979,"As you seem to have a very clear vision for the execution of this, I encourage you to take the lead here and i'm happy to support you where necessary.",1
980,You can refer to my direct manager if you want this task to be added to my workload.,1
981,Fostering a collaborative spirit and contributing to team tasks is important for our group dynamics.,1
982,"Once I have anything new, I'll make sure you'll be the first to recieve an update.",1
983,"Our journey to the cloud will reach GA by the end of fiscal year 2023, by leveraging our strategic partnership with Amazon, a major rain maker in the space. ",1
984,I don't think i'm the right person for that.,1
985,Ask me in a month.,1
986,"We are eager to get this resolved as soon as possible, so if there is otherwise a better way to reach you, please let me know.",1
987,I notice you spend a lot of time with management. Let's ensure that it's productive and beneficial for the whole team.,1
988,Not sure i'm the best for it.,1
989,"Currently I am actively working on resolving this, and require uninterrupted time to complete it.",1
990,Keeping personal decorations within a reasonable size can ensure clear sightlines for all.,1
991,Maintaining an organized workspace is crucial for productivity and team morale.,1
992,The information has not changed since the last time it was communicated.,1
993,The company is downsizing,1
994,"Paid days off are part of my total compensation and I'm entitled to take them, if you have any issues with this I have to loop in hr.",1
995,Your attention to this matter is appreciated.,1
996,Promptness demonstrates respect for others' time and helps ensure smooth operations.,1
997,Kindly explain your thought process.,1
998,Using headphones for personal audio reduces disturbances and aids in maintaining focus.,1
999,Now isn't a good time for me.,1
1000,Would you mind just repeating the question?,1
1001,I can't help you due to personal reasons.,1
1002,"Gently closing doors and drawers can help maintain a quieter, more serene environment.",1
1003,This falls out of my job description but if the opportunity for a role expansion becomes available I would be happy to discuss reworking my contract to better align with these new responsibilities.,1
1004,Here's something to consider.,1
1005,"Thanks for your input, I'll keep that in mind as I move forward with decisions that fall within my responsibility.",1
1006,I would appreciate a reply at your earliest convenience.,1
1007,Could we discuss this further in a team meeting?,1
1008,Sadly I'm booked into something else.,1
1009,Avoiding personal grooming habits in shared spaces respects the comfort of others.,1
1010,Maybe I didn't get your point exactly - could you explain again what you wanted to ask?,1
1011,We work together.,1
1012,Given my contributions to the company's success along with a current market analysis of my role. I am setting up time to discuss a salary review.,1
1013,Some space to complete my work that would be very helpful.,1
1014,Please prioritize this as soon as possible.,1
1015,Make sure to keep an eye on their progress on this task.,1